{
  "train_loss": [
    0.5321966497986405,
    0.20164654403924942,
    0.06494809185258216,
    0.10037741620369532,
    0.13695823270137664,
    0.026839533527554187,
    0.04310782765969634,
    0.013069235150598817,
    0.01169184893714609,
    0.02112215913883928,
    0.006944510400191777,
    0.01130683009547216,
    0.09825570188695565,
    0.04664861791577466,
    0.06939350200937716,
    0.04826397200425466,
    0.12354546880211544,
    0.15333243462912463
  ],
  "train_acc": [
    0.7889688249400479,
    0.9712230215827338,
    0.9844124700239808,
    0.9892086330935251,
    0.9916067146282974,
    0.9916067146282974,
    0.988009592326139,
    0.9988009592326139,
    0.9976019184652278,
    0.9928057553956835,
    0.9988009592326139,
    0.9952038369304557,
    0.9964028776978417,
    0.9916067146282974,
    0.986810551558753,
    0.9904076738609112,
    0.9952038369304557,
    0.9892086330935251
  ],
  "val_loss": [
    0.25466487805048627,
    0.05371465487405658,
    0.032214215180526175,
    0.03399204439483583,
    0.01474993652664125,
    0.015627470255518954,
    0.010059078767274817,
    0.014755895904575786,
    0.012185289796131352,
    0.009655008014912406,
    0.005604488173654924,
    0.008761353887772808,
    0.007075828563150329,
    0.011772481355971346,
    0.00919094547862187,
    0.024979135593942676,
    0.02800212037982419,
    0.025234292183692258
  ],
  "val_acc": [
    0.9887640449438202,
    0.9943820224719101,
    0.9943820224719101,
    0.9943820224719101,
    0.9943820224719101,
    0.9943820224719101,
    0.9943820224719101,
    0.9943820224719101,
    0.9943820224719101,
    0.9943820224719101,
    1.0,
    0.9943820224719101,
    0.9943820224719101,
    0.9943820224719101,
    1.0,
    0.9943820224719101,
    0.9887640449438202,
    0.9887640449438202
  ],
  "learning_rates": [
    0.0001,
    0.0001,
    0.0001,
    0.0001,
    0.0001,
    0.0001,
    0.0001,
    0.0001,
    0.0001,
    0.0001,
    0.0001,
    0.0001,
    0.0001,
    0.0001,
    5e-05,
    5e-05,
    5e-05,
    5e-05
  ]
}