{
  "accuracy": [
    0.7002398371696472,
    0.8944844007492065,
    0.9088729023933411,
    0.9256594777107239,
    0.9508393406867981,
    0.9556354880332947,
    0.9556354880332947,
    0.944844126701355,
    0.9400479793548584,
    0.9460431933403015,
    0.9592326283454895,
    0.958033561706543,
    0.958033561706543,
    0.9664268493652344,
    0.9520383477210999,
    0.9616307020187378,
    0.9796162843704224,
    0.9796162843704224,
    0.9568345546722412,
    0.971222996711731,
    0.9604316353797913,
    0.9760192036628723,
    0.9568345546722412,
    0.9664268493652344,
    0.9676259160041809,
    0.9664268493652344,
    0.958033561706543,
    0.9616307020187378,
    0.9592326283454895,
    0.971222996711731,
    0.971222996711731,
    0.9700239896774292,
    0.9772182106971741,
    0.9796162843704224,
    0.9628297090530396,
    0.9616307020187378,
    0.971222996711731,
    0.9700239896774292,
    0.9688249230384827,
    0.9616307020187378
  ],
  "val_accuracy": [
    0.9775280952453613,
    0.9775280952453613,
    1.0,
    0.9775280952453613,
    0.9775280952453613,
    0.9775280952453613,
    0.983146071434021,
    0.9943820238113403,
    0.9943820238113403,
    0.9943820238113403,
    1.0,
    0.9943820238113403,
    1.0,
    1.0,
    1.0,
    0.9943820238113403,
    0.9943820238113403,
    1.0,
    1.0,
    0.9943820238113403,
    1.0,
    1.0,
    1.0,
    1.0,
    1.0,
    1.0,
    1.0,
    0.9775280952453613,
    1.0,
    1.0,
    1.0,
    1.0,
    1.0,
    1.0,
    1.0,
    1.0,
    1.0,
    0.9943820238113403,
    1.0,
    1.0
  ],
  "loss": [
    1.9782565832138062,
    1.611063838005066,
    1.5835494995117188,
    1.5153107643127441,
    1.4680839776992798,
    1.4256879091262817,
    1.4301904439926147,
    1.4232672452926636,
    1.443071722984314,
    1.4245764017105103,
    1.3682386875152588,
    1.373268961906433,
    1.3721537590026855,
    1.3471726179122925,
    1.3801798820495605,
    1.3264646530151367,
    1.2892121076583862,
    1.286793828010559,
    1.3299425840377808,
    1.2975183725357056,
    1.3104757070541382,
    1.2588725090026855,
    1.3044612407684326,
    1.2537480592727661,
    1.2470842599868774,
    1.241986870765686,
    1.2577953338623047,
    1.260146141052246,
    1.2346949577331543,
    1.2155743837356567,
    1.2069032192230225,
    1.207389235496521,
    1.1811100244522095,
    1.1608833074569702,
    1.2057368755340576,
    1.1929274797439575,
    1.1778615713119507,
    1.1786080598831177,
    1.1551895141601562,
    1.1693662405014038
  ],
  "val_loss": [
    1.5608047246932983,
    1.4522227048873901,
    1.4066674709320068,
    1.403338074684143,
    1.3745781183242798,
    1.3527717590332031,
    1.3499730825424194,
    1.3154160976409912,
    1.300134301185608,
    1.2939528226852417,
    1.2817482948303223,
    1.2766599655151367,
    1.2624919414520264,
    1.2562177181243896,
    1.2538176774978638,
    1.2557497024536133,
    1.2384387254714966,
    1.2254582643508911,
    1.2197660207748413,
    1.2446168661117554,
    1.2196189165115356,
    1.1968456506729126,
    1.195278286933899,
    1.1917426586151123,
    1.1716293096542358,
    1.168649435043335,
    1.1601921319961548,
    1.2140717506408691,
    1.1448652744293213,
    1.1360331773757935,
    1.1295241117477417,
    1.122851848602295,
    1.1143606901168823,
    1.1082960367202759,
    1.1021746397018433,
    1.103379726409912,
    1.0912704467773438,
    1.0901882648468018,
    1.0785757303237915,
    1.067937970161438
  ]
}